record_type,layer,measurement,operation,num_total,num_silent,num_spiking,sparsity_percent,input_events,input_neurons,nonzero_weights,weight_count,groups,kernel_h,kernel_w,dense_macs_per_sample,dense_macs_total_dataset,theoretical_synops_per_sample,theoretical_synops_total_dataset
activation,stages.0.0,final,,61440000,2333056,59106944,3.7972916666666667,,,,,,,,,,,
activation,stages.0.0,t_mid_spike,,245760000,49466688,196293312,20.128046875,,,,,,,,,,,
activation,stages.0.0,t_out_spike,,61440000,53668518,7771482,87.351103515625,,,,,,,,,,,
activation,stages.0.1,final,,61440000,1101591,60338409,1.7929541015625,,,,,,,,,,,
activation,stages.0.1,t_mid_spike,,245760000,79309395,166450605,32.27107543945313,,,,,,,,,,,
activation,stages.0.1,t_out_spike,,61440000,47117418,14322582,76.688505859375,,,,,,,,,,,
activation,stages.0.2,final,,61440000,599828,60840172,0.9762825520833334,,,,,,,,,,,
activation,stages.0.2,t_mid_spike,,245760000,99391867,146368133,40.44265421549479,,,,,,,,,,,
activation,stages.0.2,t_out_spike,,61440000,45732091,15707909,74.43374186197917,,,,,,,,,,,
activation,stages.1.0,final,,30720000,16446955,14273045,53.538264973958334,,,,,,,,,,,
activation,stages.1.0,t_mid_spike,,122880000,64261334,58618666,52.296007486979164,,,,,,,,,,,
activation,stages.1.0,t_out_spike,,30720000,23702115,7017885,77.155322265625,,,,,,,,,,,
activation,stages.1.1,final,,30720000,13149548,17570452,42.80451822916667,,,,,,,,,,,
activation,stages.1.1,t_mid_spike,,122880000,64613347,58266653,52.58247639973958,,,,,,,,,,,
activation,stages.1.1,t_out_spike,,30720000,25321314,5398686,82.42615234375,,,,,,,,,,,
activation,stages.1.2,final,,30720000,10224566,20495434,33.283092447916665,,,,,,,,,,,
activation,stages.1.2,t_mid_spike,,122880000,70890423,51989577,57.69077392578125,,,,,,,,,,,
activation,stages.1.2,t_out_spike,,30720000,25860295,4859705,84.18064778645834,,,,,,,,,,,
activation,stages.2.0,final,,15360000,9666425,5693575,62.932454427083336,,,,,,,,,,,
activation,stages.2.0,t_mid_spike,,61440000,37935022,23504978,61.74319986979167,,,,,,,,,,,
activation,stages.2.0,t_out_spike,,15360000,14988534,371466,97.5816015625,,,,,,,,,,,
activation,stages.2.1,final,,15360000,9666425,5693575,62.932454427083336,,,,,,,,,,,
activation,stages.2.1,t_mid_spike,,61440000,16405836,45034164,26.70220703125,,,,,,,,,,,
activation,stages.2.1,t_out_spike,,15360000,15360000,0,100.0,,,,,,,,,,,
activation,stages.2.2,final,,15360000,9602195,5757805,62.51429036458333,,,,,,,,,,,
activation,stages.2.2,t_mid_spike,,61440000,17264848,44175152,28.100338541666666,,,,,,,,,,,
activation,stages.2.2,t_out_spike,,15360000,15213384,146616,99.04546875,,,,,,,,,,,
activation,stages.2.3,final,,15360000,9422102,5937898,61.341809895833336,,,,,,,,,,,
activation,stages.2.3,t_mid_spike,,61440000,32702521,28737479,53.22675944010417,,,,,,,,,,,
activation,stages.2.3,t_out_spike,,15360000,15166790,193210,98.74212239583333,,,,,,,,,,,
activation,stages.2.4,final,,15360000,9336873,6023127,60.78693359375,,,,,,,,,,,
activation,stages.2.4,t_mid_spike,,61440000,35009853,26430147,56.9821826171875,,,,,,,,,,,
activation,stages.2.4,t_out_spike,,15360000,15229338,130662,99.1493359375,,,,,,,,,,,
activation,stages.2.5,final,,15360000,9312392,6047608,60.627552083333335,,,,,,,,,,,
activation,stages.2.5,t_mid_spike,,61440000,31940498,29499502,51.98648763020833,,,,,,,,,,,
activation,stages.2.5,t_out_spike,,15360000,15299335,60665,99.60504557291667,,,,,,,,,,,
activation,stages.2.6,final,,15360000,9081122,6278878,59.12188802083333,,,,,,,,,,,
activation,stages.2.6,t_mid_spike,,61440000,19573446,41866554,31.857822265625,,,,,,,,,,,
activation,stages.2.6,t_out_spike,,15360000,14956171,403829,97.37090494791667,,,,,,,,,,,
activation,stages.2.7,final,,15360000,8777016,6582984,57.14203125,,,,,,,,,,,
activation,stages.2.7,t_mid_spike,,61440000,28803754,32636246,46.88111002604167,,,,,,,,,,,
activation,stages.2.7,t_out_spike,,15360000,14846781,513219,96.65873046875,,,,,,,,,,,
activation,stages.2.8,final,,15360000,6041319,9318681,39.33150390625,,,,,,,,,,,
activation,stages.2.8,t_mid_spike,,61440000,33109671,28330329,53.8894384765625,,,,,,,,,,,
activation,stages.2.8,t_out_spike,,15360000,11831455,3528545,77.02770182291667,,,,,,,,,,,
activation,stages.3.0,final,,7680000,3524827,4155173,45.896184895833336,,,,,,,,,,,
activation,stages.3.0,t_mid_spike,,30720000,20563177,10156823,66.93742513020834,,,,,,,,,,,
activation,stages.3.0,t_out_spike,,7680000,4844305,2835695,63.07688802083333,,,,,,,,,,,
activation,stages.3.1,final,,7680000,2669361,5010639,34.7573046875,,,,,,,,,,,
activation,stages.3.1,t_mid_spike,,30720000,22258858,8461142,72.45722005208333,,,,,,,,,,,
activation,stages.3.1,t_out_spike,,7680000,5820100,1859900,75.78255208333333,,,,,,,,,,,
activation,stages.3.2,final,,7680000,2101894,5578106,27.368411458333334,,,,,,,,,,,
activation,stages.3.2,t_mid_spike,,30720000,21328788,9391212,69.4296484375,,,,,,,,,,,
activation,stages.3.2,t_out_spike,,7680000,5895956,1784044,76.77026041666667,,,,,,,,,,,
operation,downsample_layers.0.0,,dense_conv,,,,,,,,,1,4,4,294912.0,2949120000,0.0,0
operation,downsample_layers.1.0,,dense_conv,,,,,,,,,1,2,2,1179648.0,11796480000,0.0,0
operation,downsample_layers.2.0,,dense_conv,,,,,,,,,1,2,2,1179648.0,11796480000,0.0,0
operation,downsample_layers.3.0,,dense_conv,,,,,,,,,1,2,2,1179648.0,11796480000,0.0,0
operation,head,,dense_linear,,,,,,,,,,,,7680.0,76800000,0.0,0
operation,stages.0.0,,pw1,,,,,60398166,61440000,36864,36864,,,,0.0,0,2319289.5744,23192895744
operation,stages.0.0,,pw2,,,,,196293312,245760000,36864,36864,,,,0.0,0,1884415.7952,18844157952
operation,stages.0.0.dwconv,,depthwise_conv,,,,,,,,,96,7,7,301056.0,3010560000,0.0,0
operation,stages.0.1,,pw1,,,,,59978995,61440000,36864,36864,,,,0.0,0,2303193.408,23031934080
operation,stages.0.1,,pw2,,,,,166450605,245760000,36864,36864,,,,0.0,0,1597925.808,15979258080
operation,stages.0.1.dwconv,,depthwise_conv,,,,,,,,,96,7,7,301056.0,3010560000,0.0,0
operation,stages.0.2,,pw1,,,,,56383092,61440000,36864,36864,,,,0.0,0,2165110.7328,21651107328
operation,stages.0.2,,pw2,,,,,146368133,245760000,36864,36864,,,,0.0,0,1405134.0768,14051340768
operation,stages.0.2.dwconv,,depthwise_conv,,,,,,,,,96,7,7,301056.0,3010560000,0.0,0
operation,stages.1.0,,pw1,,,,,26268884,30720000,147456,147456,,,,0.0,0,2017450.2912,20174502912
operation,stages.1.0,,pw2,,,,,58618666,122880000,147456,147456,,,,0.0,0,1125478.3872,11254783872
operation,stages.1.0.dwconv,,depthwise_conv,,,,,,,,,192,7,7,150528.0,1505280000,0.0,0
operation,stages.1.1,,pw1,,,,,26758606,30720000,147456,147456,,,,0.0,0,2055060.9408,20550609408
operation,stages.1.1,,pw2,,,,,58266653,122880000,147456,147456,,,,0.0,0,1118719.7376,11187197376
operation,stages.1.1.dwconv,,depthwise_conv,,,,,,,,,192,7,7,150528.0,1505280000,0.0,0
operation,stages.1.2,,pw1,,,,,25592304,30720000,147456,147456,,,,0.0,0,1965488.9472,19654889472
operation,stages.1.2,,pw2,,,,,51989577,122880000,147456,147456,,,,0.0,0,998199.8784,9981998784
operation,stages.1.2.dwconv,,depthwise_conv,,,,,,,,,192,7,7,150528.0,1505280000,0.0,0
operation,stages.2.0,,pw1,,,,,13042836,15360000,589824,589824,,,,0.0,0,2003379.6096,20033796096
operation,stages.2.0,,pw2,,,,,23504978,61440000,589824,589824,,,,0.0,0,902591.1552,9025911552
operation,stages.2.0.dwconv,,depthwise_conv,,,,,,,,,384,7,7,75264.0,752640000,0.0,0
operation,stages.2.1,,pw1,,,,,15344917,15360000,589824,589824,,,,0.0,0,2356979.2512,23569792512
operation,stages.2.1,,pw2,,,,,45034164,61440000,589824,589824,,,,0.0,0,1729311.8976,17293118976
operation,stages.2.1.dwconv,,depthwise_conv,,,,,,,,,384,7,7,75264.0,752640000,0.0,0
operation,stages.2.2,,pw1,,,,,14978791,15360000,589824,589824,,,,0.0,0,2300742.2976,23007422976
operation,stages.2.2,,pw2,,,,,44175152,61440000,589824,589824,,,,0.0,0,1696325.8368,16963258368
operation,stages.2.2.dwconv,,depthwise_conv,,,,,,,,,384,7,7,75264.0,752640000,0.0,0
operation,stages.2.3,,pw1,,,,,14918780,15360000,589824,589824,,,,0.0,0,2291524.608,22915246080
operation,stages.2.3,,pw2,,,,,28737479,61440000,589824,589824,,,,0.0,0,1103519.1936,11035191936
operation,stages.2.3.dwconv,,depthwise_conv,,,,,,,,,384,7,7,75264.0,752640000,0.0,0
operation,stages.2.4,,pw1,,,,,14653707,15360000,589824,589824,,,,0.0,0,2250809.3952,22508093952
operation,stages.2.4,,pw2,,,,,26430147,61440000,589824,589824,,,,0.0,0,1014917.6448,10149176448
operation,stages.2.4.dwconv,,depthwise_conv,,,,,,,,,384,7,7,75264.0,752640000,0.0,0
operation,stages.2.5,,pw1,,,,,14902412,15360000,589824,589824,,,,0.0,0,2289010.4832,22890104832
operation,stages.2.5,,pw2,,,,,29499502,61440000,589824,589824,,,,0.0,0,1132780.8768,11327808768
operation,stages.2.5.dwconv,,depthwise_conv,,,,,,,,,384,7,7,75264.0,752640000,0.0,0
operation,stages.2.6,,pw1,,,,,14933223,15360000,589824,589824,,,,0.0,0,2293743.0528,22937430528
operation,stages.2.6,,pw2,,,,,41866554,61440000,589824,589824,,,,0.0,0,1607675.6736,16076756736
operation,stages.2.6.dwconv,,depthwise_conv,,,,,,,,,384,7,7,75264.0,752640000,0.0,0
operation,stages.2.7,,pw1,,,,,14390112,15360000,589824,589824,,,,0.0,0,2210321.2032,22103212032
operation,stages.2.7,,pw2,,,,,32636246,61440000,589824,589824,,,,0.0,0,1253231.8464,12532318464
operation,stages.2.7.dwconv,,depthwise_conv,,,,,,,,,384,7,7,75264.0,752640000,0.0,0
operation,stages.2.8,,pw1,,,,,13677784,15360000,589824,589824,,,,0.0,0,2100907.6224,21009076224
operation,stages.2.8,,pw2,,,,,28330329,61440000,589824,589824,,,,0.0,0,1087884.6336,10878846336
operation,stages.2.8.dwconv,,depthwise_conv,,,,,,,,,384,7,7,75264.0,752640000,0.0,0
operation,stages.3.0,,pw1,,,,,5777663,7680000,2359296,2359296,,,,0.0,0,1774898.0736,17748980736
operation,stages.3.0,,pw2,,,,,10156823,30720000,2359296,2359296,,,,0.0,0,780044.0064,7800440064
operation,stages.3.0.dwconv,,depthwise_conv,,,,,,,,,768,7,7,37632.0,376320000,0.0,0
operation,stages.3.1,,pw1,,,,,6562066,7680000,2359296,2359296,,,,0.0,0,2015866.6752,20158666752
operation,stages.3.1,,pw2,,,,,8461142,30720000,2359296,2359296,,,,0.0,0,649815.7056,6498157056
operation,stages.3.1.dwconv,,depthwise_conv,,,,,,,,,768,7,7,37632.0,376320000,0.0,0
operation,stages.3.2,,pw1,,,,,6476405,7680000,2359296,2359296,,,,0.0,0,1989551.616,19895516160
operation,stages.3.2,,pw2,,,,,9391212,30720000,2359296,2359296,,,,0.0,0,721245.0816,7212450816
operation,stages.3.2.dwconv,,depthwise_conv,,,,,,,,,768,7,7,37632.0,376320000,0.0,0
